Hersteller,Bereich,Kategorie,Unterkategorie,Serie,Modell,Variante,Artikelnummer,Cloud_Betrieb,Cloud_Art,Cloud_Evidenz,Quelle,Stand
REMKO,Neue Energien,Wärmepumpen,Luft/Wasser,WKM,WKM 80,,265000,nicht belegt,,Smart-Control Touch/Smart Grid auf Produktfamilie; Cloud/Smart-Web auf aktueller Produktseite nicht ausdrücklich belegt,https://www.remko.de/gewerblich/waermepumpen/luft-wasser/wkm/,2026-10-05
REMKO,Neue Energien,Wärmepumpen,Luft/Wasser,WKM,WKM 100,,265005,nicht belegt,,Smart-Control Touch/Smart Grid auf Produktfamilie; Cloud/Smart-Web auf aktueller Produktseite nicht ausdrücklich belegt,https://www.remko.de/gewerblich/waermepumpen/luft-wasser/wkm/,2026-10-05
REMKO,Neue Energien,Wärmepumpen,Luft/Wasser,WKM,WKM 130,,265010,nicht belegt,,Smart-Control Touch/Smart Grid auf Produktfamilie; Cloud/Smart-Web auf aktueller Produktseite nicht ausdrücklich belegt,https://www.remko.de/gewerblich/waermepumpen/luft-wasser/wkm/,2026-10-05
REMKO,Neue Energien,Wärmepumpen,Luft/Wasser,WKM,WKM 170,,265015,nicht belegt,,Smart-Control Touch/Smart Grid auf Produktfamilie; Cloud/Smart-Web auf aktueller Produktseite nicht ausdrücklich belegt,https://www.remko.de/gewerblich/waermepumpen/luft-wasser/wkm/,2026-10-05
REMKO,Neue Energien,Wärmepumpen,Luft/Wasser,WKM,WKM 200,,265020,nicht belegt,,Smart-Control Touch/Smart Grid auf Produktfamilie; Cloud/Smart-Web auf aktueller Produktseite nicht ausdrücklich belegt,https://www.remko.de/gewerblich/waermepumpen/luft-wasser/wkm/,2026-10-05
REMKO,Neue Energien,Wärmepumpen,Luft/Wasser,LWM,LWM 80,Alu,262080,nicht belegt,,Smart-Control Touch/Smart Grid beworben; Cloud/Smart-Web nicht ausdrücklich auf Produktseite belegt,https://www.remko.de/gewerblich/waermepumpen/luft-wasser/lwm/,2026-10-05
REMKO,Neue Energien,Wärmepumpen,Luft/Wasser,LWM,LWM 80,Camura,262082,nicht belegt,,Smart-Control Touch/Smart Grid beworben; Cloud/Smart-Web nicht ausdrücklich auf Produktseite belegt,https://www.remko.de/gewerblich/waermepumpen/luft-wasser/lwm/,2026-10-05
REMKO,Neue Energien,Wärmepumpen,Luft/Wasser,LWM,LWM 80,Graphit,262084,nicht belegt,,Smart-Control Touch/Smart Grid beworben; Cloud/Smart-Web nicht ausdrücklich auf Produktseite belegt,https://www.remko.de/gewerblich/waermepumpen/luft-wasser/lwm/,2026-10-05
REMKO,Neue Energien,Wärmepumpen,Luft/Wasser,LWM,LWM 110,Alu,262110,nicht belegt,,Smart-Control Touch/Smart Grid beworben; Cloud/Smart-Web nicht ausdrücklich auf Produktseite belegt,https://www.remko.de/gewerblich/waermepumpen/luft-wasser/lwm/,2026-10-05
REMKO,Neue Energien,Wärmepumpen,Luft/Wasser,LWM,LWM 110,Camura,262112,nicht belegt,,Smart-Control Touch/Smart Grid beworben; Cloud/Smart-Web nicht ausdrücklich auf Produktseite belegt,https://www.remko.de/gewerblich/waermepumpen/luft-wasser/lwm/,2026-10-05
REMKO,Neue Energien,Wärmepumpen,Luft/Wasser,LWM,LWM 110,Graphit,262114,nicht belegt,,Smart-Control Touch/Smart Grid beworben; Cloud/Smart-Web nicht ausdrücklich auf Produktseite belegt,https://www.remko.de/gewerblich/waermepumpen/luft-wasser/lwm/,2026-10-05
REMKO,Neue Energien,Wärmepumpen,Luft/Wasser,LWM,LWM 150,Alu,262150,nicht belegt,,Smart-Control Touch/Smart Grid beworben; Cloud/Smart-Web nicht ausdrücklich auf Produktseite belegt,https://www.remko.de/gewerblich/waermepumpen/luft-wasser/lwm/,2026-10-05
REMKO,Neue Energien,Wärmepumpen,Luft/Wasser,LWM,LWM 150,Camura,262152,nicht belegt,,Smart-Control Touch/Smart Grid beworben; Cloud/Smart-Web nicht ausdrücklich auf Produktseite belegt,https://www.remko.de/gewerblich/waermepumpen/luft-wasser/lwm/,2026-10-05
REMKO,Neue Energien,Wärmepumpen,Luft/Wasser,LWM,LWM 150,Graphit,262154,nicht belegt,,Smart-Control Touch/Smart Grid beworben; Cloud/Smart-Web nicht ausdrücklich auf Produktseite belegt,https://www.remko.de/gewerblich/waermepumpen/luft-wasser/lwm/,2026-10-05
REMKO,Neue Energien,Wärmepumpen,Luft/Wasser,LWM,LWM 110 Duo,Alu,262170,nicht belegt,,Smart-Control Touch/Smart Grid beworben; Cloud/Smart-Web nicht ausdrücklich auf Produktseite belegt,https://www.remko.de/gewerblich/waermepumpen/luft-wasser/lwm/,2026-10-05
REMKO,Neue Energien,Wärmepumpen,Luft/Wasser,LWM,LWM 110 Duo,Camura,262172,nicht belegt,,Smart-Control Touch/Smart Grid beworben; Cloud/Smart-Web nicht ausdrücklich auf Produktseite belegt,https://www.remko.de/gewerblich/waermepumpen/luft-wasser/lwm/,2026-10-05
REMKO,Neue Energien,Wärmepumpen,Luft/Wasser,LWM,LWM 110 Duo,Graphit,262174,nicht belegt,,Smart-Control Touch/Smart Grid beworben; Cloud/Smart-Web nicht ausdrücklich auf Produktseite belegt,https://www.remko.de/gewerblich/waermepumpen/luft-wasser/lwm/,2026-10-05
REMKO,Neue Energien,Wärmepumpen,Luft/Wasser,LWM,LWM 150 Duo,Alu,262180,nicht belegt,,Smart-Control Touch/Smart Grid beworben; Cloud/Smart-Web nicht ausdrücklich auf Produktseite belegt,https://www.remko.de/gewerblich/waermepumpen/luft-wasser/lwm/,2026-10-05
REMKO,Neue Energien,Wärmepumpen,Luft/Wasser,LWM,LWM 150 Duo,Camura,262182,nicht belegt,,Smart-Control Touch/Smart Grid beworben; Cloud/Smart-Web nicht ausdrücklich auf Produktseite belegt,https://www.remko.de/gewerblich/waermepumpen/luft-wasser/lwm/,2026-10-05
REMKO,Neue Energien,Wärmepumpen,Luft/Wasser,LWM,LWM 150 Duo,Graphit,262184,nicht belegt,,Smart-Control Touch/Smart Grid beworben; Cloud/Smart-Web nicht ausdrücklich auf Produktseite belegt,https://www.remko.de/gewerblich/waermepumpen/luft-wasser/lwm/,2026-10-05
REMKO,Neue Energien,Wärmepumpen,Luft/Wasser,HTS,HTS 90,Alu,255095,nicht belegt,,Produktseite verifiziert; Cloud-Aussage nicht im Suchauszug belegt,https://www.remko.de/gewerblich/waermepumpen/luft-wasser/hts/,2026-10-05
REMKO,Neue Energien,Wärmepumpen,Luft/Wasser,HTS,HTS 90,Holzoptik,255099,nicht belegt,,Produktseite verifiziert; Cloud-Aussage nicht im Suchauszug belegt,https://www.remko.de/gewerblich/waermepumpen/luft-wasser/hts/,2026-10-05
REMKO,Neue Energien,Wärmepumpen,Luft/Wasser,HTS,HTS 130,Alu,255100,nicht belegt,,Produktseite verifiziert; Cloud-Aussage nicht im Suchauszug belegt,https://www.remko.de/gewerblich/waermepumpen/luft-wasser/hts/,2026-10-05
REMKO,Neue Energien,Wärmepumpen,Luft/Wasser,HTS,HTS 130,Holzoptik,255104,nicht belegt,,Produktseite verifiziert; Cloud-Aussage nicht im Suchauszug belegt,https://www.remko.de/gewerblich/waermepumpen/luft-wasser/hts/,2026-10-05
REMKO,Neue Energien,Wärmepumpen,Luft/Wasser,HTS,HTS 200,Alu,255105,nicht belegt,,Produktseite verifiziert; Cloud-Aussage nicht im Suchauszug belegt,https://www.remko.de/gewerblich/waermepumpen/luft-wasser/hts/,2026-10-05
REMKO,Neue Energien,Wärmepumpen,Luft/Wasser,HTS,HTS 200,Holzoptik,255109,nicht belegt,,Produktseite verifiziert; Cloud-Aussage nicht im Suchauszug belegt,https://www.remko.de/gewerblich/waermepumpen/luft-wasser/hts/,2026-10-05
REMKO,Neue Energien,Wärmepumpen,Luft/Wasser,HTS,HTS 260,Alu,255110,nicht belegt,,Produktseite verifiziert; Cloud-Aussage nicht im Suchauszug belegt,https://www.remko.de/gewerblich/waermepumpen/luft-wasser/hts/,2026-10-05
REMKO,Neue Energien,Wärmepumpen,Luft/Wasser,HTS,HTS 260,Holzoptik,255114,nicht belegt,,Produktseite verifiziert; Cloud-Aussage nicht im Suchauszug belegt,https://www.remko.de/gewerblich/waermepumpen/luft-wasser/hts/,2026-10-05
REMKO,Neue Energien,Wärmepumpen,Luft/Wasser,HTS Duo,HTS 200 Duo,Alu,255200,Ja,WiFi ready,WI-FI ready wird ausdrücklich beworben,https://www.remko.de/gewerblich/waermepumpen/luft-wasser/hts-duo/,2026-10-05
REMKO,Neue Energien,Wärmepumpen,Luft/Wasser,HTS Duo,HTS 200 Duo,Camura,255205,Ja,WiFi ready,WI-FI ready wird ausdrücklich beworben,https://www.remko.de/gewerblich/waermepumpen/luft-wasser/hts-duo/,2026-10-05
REMKO,Neue Energien,Wärmepumpen,Luft/Wasser,HTS Duo,HTS 260 Duo,Alu,255210,Ja,WiFi ready,WI-FI ready wird ausdrücklich beworben,https://www.remko.de/gewerblich/waermepumpen/luft-wasser/hts-duo/,2026-10-05
REMKO,Neue Energien,Wärmepumpen,Luft/Wasser,HTS Duo,HTS 260 Duo,Camura,255215,Ja,WiFi ready,WI-FI ready wird ausdrücklich beworben,https://www.remko.de/gewerblich/waermepumpen/luft-wasser/hts-duo/,2026-10-05
REMKO,Neue Energien,Wärmepumpen,Luft/Wasser,HTS Duo R32,HTS 205 Duo,Alu,265205,Ja,WiFi ready,WI-FI ready wird ausdrücklich beworben,https://www.remko.de/gewerblich/waermepumpen/luft-wasser/hts-duo-r32/,2026-10-05
REMKO,Neue Energien,Wärmepumpen,Luft/Wasser,HTS Duo R32,HTS 205 Duo,Camura,265209,Ja,WiFi ready,WI-FI ready wird ausdrücklich beworben,https://www.remko.de/gewerblich/waermepumpen/luft-wasser/hts-duo-r32/,2026-10-05
REMKO,Neue Energien,Wärmepumpen,Luft/Wasser,HTS Duo R32,HTS 265 Duo,Alu,265215,Ja,WiFi ready,WI-FI ready wird ausdrücklich beworben,https://www.remko.de/gewerblich/waermepumpen/luft-wasser/hts-duo-r32/,2026-10-05
REMKO,Neue Energien,Wärmepumpen,Luft/Wasser,HTS Duo R32,HTS 265 Duo,Camura,265219,Ja,WiFi ready,WI-FI ready wird ausdrücklich beworben,https://www.remko.de/gewerblich/waermepumpen/luft-wasser/hts-duo-r32/,2026-10-05
REMKO,Neue Energien,Wärmepumpen,Luft/Wasser,WKF Duo,WKF 130 Duo,,264085,Ja,WiFi ready / Smart-Web,WI-FI ready aktuell; REMKO nennt Smart-Web als Fernsteuerungsalternative für WKF,https://www.remko.de/gewerblich/waermepumpen/luft-wasser/wkf-duo/,2026-10-05
REMKO,Neue Energien,Wärmepumpen,Luft/Wasser,WKF Duo,WKF 170 Duo,,264095,Ja,WiFi ready / Smart-Web,WI-FI ready aktuell; REMKO nennt Smart-Web als Fernsteuerungsalternative für WKF,https://www.remko.de/gewerblich/waermepumpen/luft-wasser/wkf-duo/,2026-10-05
REMKO,Neue Energien,Wärmepumpen,Luft/Wasser,WKF Neo compact,WKF 80 Neo compact,,264400,Ja,Smart-Web,WKF-Familie wird von REMKO mit Smart-Web-Fernsteuerung beworben,https://www.remko.de/gewerblich/waermepumpen/luft-wasser/wkf-neo-compact/,2026-10-05
REMKO,Neue Energien,Wärmepumpen,Luft/Wasser,WKF Neo compact,WKF 100 Neo compact,,264405,Ja,Smart-Web,WKF-Familie wird von REMKO mit Smart-Web-Fernsteuerung beworben,https://www.remko.de/gewerblich/waermepumpen/luft-wasser/wkf-neo-compact/,2026-10-05
REMKO,Neue Energien,Wärmepumpen,Luft/Wasser,WKF Neo compact,WKF 130 Neo compact,,264410,Ja,Smart-Web,WKF-Familie wird von REMKO mit Smart-Web-Fernsteuerung beworben,https://www.remko.de/gewerblich/waermepumpen/luft-wasser/wkf-neo-compact/,2026-10-05
REMKO,Neue Energien,Wärmepumpen,Luft/Wasser,WKF Neo compact,WKF 170 Neo compact,,264415,Ja,Smart-Web,WKF-Familie wird von REMKO mit Smart-Web-Fernsteuerung beworben,https://www.remko.de/gewerblich/waermepumpen/luft-wasser/wkf-neo-compact/,2026-10-05
REMKO,Neue Energien,Wärmepumpen,Luft/Wasser,WKF Neo compact,WKF 80 Neo compact,,264420,Ja,Smart-Web,WKF-Familie wird von REMKO mit Smart-Web-Fernsteuerung beworben,https://www.remko.de/gewerblich/waermepumpen/luft-wasser/wkf-neo-compact/,2026-10-05
REMKO,Neue Energien,Wärmepumpen,Luft/Wasser,WKF Neo compact,WKF 100 Neo compact,,264425,Ja,Smart-Web,WKF-Familie wird von REMKO mit Smart-Web-Fernsteuerung beworben,https://www.remko.de/gewerblich/waermepumpen/luft-wasser/wkf-neo-compact/,2026-10-05
REMKO,Neue Energien,Wärmepumpen,Luft/Wasser,WKF Neo compact,WKF 130 Neo compact,,264430,Ja,Smart-Web,WKF-Familie wird von REMKO mit Smart-Web-Fernsteuerung beworben,https://www.remko.de/gewerblich/waermepumpen/luft-wasser/wkf-neo-compact/,2026-10-05
REMKO,Neue Energien,Wärmepumpen,Luft/Wasser,WKF Neo compact,WKF 170 Neo compact,,264435,Ja,Smart-Web,WKF-Familie wird von REMKO mit Smart-Web-Fernsteuerung beworben,https://www.remko.de/gewerblich/waermepumpen/luft-wasser/wkf-neo-compact/,2026-10-05
REMKO,Neue Energien,Wärmepumpen,Sole/Wasser,WSP,WSP 80,,257080,nicht belegt,,Smart-Control Touch/Smart Grid beworben; Cloud auf aktueller Seite nicht ausdrücklich belegt,https://www.remko.de/gewerblich/waermepumpen/sole-wasser/wsp/,2026-10-05
REMKO,Neue Energien,Wärmepumpen,Sole/Wasser,WSP,WSP 110,,257110,nicht belegt,,Smart-Control Touch/Smart Grid beworben; Cloud auf aktueller Seite nicht ausdrücklich belegt,https://www.remko.de/gewerblich/waermepumpen/sole-wasser/wsp/,2026-10-05
REMKO,Neue Energien,Wärmepumpen,Sole/Wasser,WSP,WSP 140,,257140,nicht belegt,,Smart-Control Touch/Smart Grid beworben; Cloud auf aktueller Seite nicht ausdrücklich belegt,https://www.remko.de/gewerblich/waermepumpen/sole-wasser/wsp/,2026-10-05
REMKO,Neue Energien,Wärmepumpen,Sole/Wasser,WSP,WSP 180,,257180,nicht belegt,,Smart-Control Touch/Smart Grid beworben; Cloud auf aktueller Seite nicht ausdrücklich belegt,https://www.remko.de/gewerblich/waermepumpen/sole-wasser/wsp/,2026-10-05
REMKO,Neue Energien,Wärmepumpen,Warmwasser,RBW Pro-PV,RBW 302 Pro-PV,,243705,Ja,optional,Smart-Web-Anbindung wird von REMKO als optional beworben,https://www.remko.de/gewerblich/waermepumpen/warmwasser/rbw-pro-pv/,2026-10-05
REMKO,Neue Energien,Wärmepumpen,Warmwasser,RBW Pro-PV,RBW 302 Pro-PV-S,,243805,Ja,optional,Smart-Web-Anbindung wird von REMKO als optional beworben,https://www.remko.de/gewerblich/waermepumpen/warmwasser/rbw-pro-pv/,2026-10-05
REMKO,Neue Energien,Wärmepumpen,Modulare Energiezentralen,SQW Pro,SQW 405 Pro Single,,312000,nicht belegt,,GLT-Einbindung beworben; GLT wird nicht als Cloud gewertet,https://www.remko.de/gewerblich/waermepumpen/modulare-energiezentralen/sqw-pro/,2026-10-05
REMKO,Neue Energien,Wärmepumpen,Modulare Energiezentralen,SQW Pro,SQW 405 Pro Duo,,312010,nicht belegt,,GLT-Einbindung beworben; GLT wird nicht als Cloud gewertet,https://www.remko.de/gewerblich/waermepumpen/modulare-energiezentralen/sqw-pro/,2026-10-05
REMKO,Neue Energien,Wärmepumpen,Modulare Energiezentralen,SQW Pro,SQW 405 Pro Triple,,312020,nicht belegt,,GLT-Einbindung beworben; GLT wird nicht als Cloud gewertet,https://www.remko.de/gewerblich/waermepumpen/modulare-energiezentralen/sqw-pro/,2026-10-05
REMKO,Neue Energien,Wärmepumpen,Modulare Energiezentralen,SQW Pro,SQW 405 Pro Quattro,,312030,nicht belegt,,GLT-Einbindung beworben; GLT wird nicht als Cloud gewertet,https://www.remko.de/gewerblich/waermepumpen/modulare-energiezentralen/sqw-pro/,2026-10-05
REMKO,Neue Energien,Wärmepumpen,Modulare Wärmepumpen,MWL,MWL 35,,,Ja,Internet serienmäßig,Technische Daten: Wärmepumpen-Manager 'Internet / Serie',https://www.remko.de/gewerblich/waermepumpen/modulare-waermepumpen/mwl/,2026-10-05
REMKO,Klima,Klimasysteme,Single-Split,ML DC,ML 265 DC,,1635265,Ja,optional WiFi,Smart-Control WiFi-Stick und Alexa ausdrücklich beworben,https://www.remko.de/gewerblich/klimasysteme/single-split/ml/,2026-10-05
REMKO,Klima,Klimasysteme,Single-Split,ML DC,ML 355 DC,,1635355,Ja,optional WiFi,Smart-Control WiFi-Stick und Alexa ausdrücklich beworben,https://www.remko.de/gewerblich/klimasysteme/single-split/ml/,2026-10-05
REMKO,Klima,Klimasysteme,Single-Split,ML DC,ML 525 DC,,1635525,Ja,optional WiFi,Smart-Control WiFi-Stick und Alexa ausdrücklich beworben,https://www.remko.de/gewerblich/klimasysteme/single-split/ml/,2026-10-05
REMKO,Klima,Klimasysteme,Single-Split,ML DC,ML 685 DC,,1635685,Ja,optional WiFi,Smart-Control WiFi-Stick und Alexa ausdrücklich beworben,https://www.remko.de/gewerblich/klimasysteme/single-split/ml/,2026-10-05
REMKO,Klima,Klimasysteme,Single-Split,BL DC,BL 265 DC,,1629365,Ja,optional WiFi,USB für Smart-Control WiFi-Stick und Alexa ausdrücklich beworben,https://www.remko.de/gewerblich/klimasysteme/single-split/bl/,2026-10-05
REMKO,Klima,Klimasysteme,Single-Split,BL DC,BL 355 DC,,1629370,Ja,optional WiFi,USB für Smart-Control WiFi-Stick und Alexa ausdrücklich beworben,https://www.remko.de/gewerblich/klimasysteme/single-split/bl/,2026-10-05
REMKO,Klima,Klimasysteme,Single-Split,RVT DC,RVT 265 DC,,1623750,Ja,optional WiFi,Smart-Control WiFi-Stick/Alexa auf Serie beworben,https://www.remko.de/gewerblich/klimasysteme/single-split/rvt/,2026-10-05
REMKO,Klima,Klimasysteme,Single-Split,RVT DC,RVT 355 DC,,1623760,Ja,optional WiFi,Smart-Control WiFi-Stick/Alexa auf Serie beworben,https://www.remko.de/gewerblich/klimasysteme/single-split/rvt/,2026-10-05
REMKO,Klima,Klimasysteme,Single-Split,RVD DC,RVD 355 DC,,1623845,Ja,optional WiFi,Smart-Control WiFi-Stick/Alexa ausdrücklich beworben,https://www.remko.de/gewerblich/klimasysteme/single-split/rvd/,2026-10-05
REMKO,Klima,Klimasysteme,Single-Split,RVD DC,RVD 525 DC,,1623855,Ja,optional WiFi,Smart-Control WiFi-Stick/Alexa ausdrücklich beworben,https://www.remko.de/gewerblich/klimasysteme/single-split/rvd/,2026-10-05
REMKO,Klima,Klimasysteme,Single-Split,RVD DC,RVD 685 DC,,1623865,Ja,optional WiFi,Smart-Control WiFi-Stick/Alexa ausdrücklich beworben,https://www.remko.de/gewerblich/klimasysteme/single-split/rvd/,2026-10-05
REMKO,Klima,Klimasysteme,Single-Split,RVD DC,RVD 1055 DC,,1623875,Ja,optional WiFi,Smart-Control WiFi-Stick/Alexa ausdrücklich beworben,https://www.remko.de/gewerblich/klimasysteme/single-split/rvd/,2026-10-05
REMKO,Klima,Klimasysteme,Single-Split,RXT DC,RXT 685 DC,,1619560,Ja,optional WiFi,Smart-Control WiFi-Stick/Alexa ausdrücklich beworben,https://www.remko.de/gewerblich/klimasysteme/single-split/rxt/,2026-10-05
REMKO,Klima,Klimasysteme,Single-Split,RXT DC,RXT 1055 DC,,1619570,Ja,optional WiFi,Smart-Control WiFi-Stick/Alexa ausdrücklich beworben,https://www.remko.de/gewerblich/klimasysteme/single-split/rxt/,2026-10-05
REMKO,Klima,Klimasysteme,Single-Split,RXT DC,RXT 1405 DC,,1619580,Ja,optional WiFi,Smart-Control WiFi-Stick/Alexa ausdrücklich beworben,https://www.remko.de/gewerblich/klimasysteme/single-split/rxt/,2026-10-05
REMKO,Klima,Klimasysteme,Single-Split,ATY DC Deko,ATY 267 DC Deko,,1624470,Ja,optional WiFi,REMKO nennt WiFi-Konnektivität optional für ATY/ATY Deko,https://www.remko.de/gewerblich/klimasysteme/single-split/aty-deko/,2026-10-05
REMKO,Klima,Klimasysteme,Single-Split,ATY DC Deko,ATY 357 DC Deko,,1624480,Ja,optional WiFi,REMKO nennt WiFi-Konnektivität optional für ATY/ATY Deko,https://www.remko.de/gewerblich/klimasysteme/single-split/aty-deko/,2026-10-05
REMKO,Klima,Klimasysteme,Single-Split,ATY DC Deko,ATY 527 DC Deko,,1624490,Ja,optional WiFi,REMKO nennt WiFi-Konnektivität optional für ATY/ATY Deko,https://www.remko.de/gewerblich/klimasysteme/single-split/aty-deko/,2026-10-05
REMKO,Klima,Klimasysteme,Lokal / Monobloc,KWT DC,KWT 180 DC,,1609180,nicht belegt,,Aktuelle Produktseite verifiziert; Cloud/WiFi im Suchauszug nicht beworben,https://www.remko.de/gewerblich/klimasysteme/lokal/kwt/,2026-10-05
REMKO,Klima,Klimasysteme,Lokal / Monobloc,KWT DC,KWT 240 DC,,1609240,nicht belegt,,Aktuelle Produktseite verifiziert; Cloud/WiFi im Suchauszug nicht beworben,https://www.remko.de/gewerblich/klimasysteme/lokal/kwt/,2026-10-05
REMKO,Klima,Klimasysteme,Lokal / Monobloc,KWT DC,KWT 300 DC,,1609300,nicht belegt,,Aktuelle Produktseite verifiziert; Cloud/WiFi im Suchauszug nicht beworben,https://www.remko.de/gewerblich/klimasysteme/lokal/kwt/,2026-10-05
REMKO,Klima,Klimasysteme,Multi-Split Außengerät,MVT DC,MVT 603 DC,,,Ja,optional WiFi,WiFi-Konnektivität optional für kompatible Innengeräte ausdrücklich beworben,https://www.remko.de/gewerblich/klimasysteme/multisplit/mvt/,2026-10-05
REMKO,Klima,Klimasysteme,Multi-Split Außengerät,MVT DC,MVT 903 DC,,,Ja,optional WiFi,WiFi-Konnektivität optional für kompatible Innengeräte ausdrücklich beworben,https://www.remko.de/gewerblich/klimasysteme/multisplit/mvt/,2026-10-05
REMKO,Klima,Klimasysteme,Multi-Split Außengerät,MVT DC,MVT 1053 DC,,,Ja,optional WiFi,WiFi-Konnektivität optional für kompatible Innengeräte ausdrücklich beworben,https://www.remko.de/gewerblich/klimasysteme/multisplit/mvt/,2026-10-05
REMKO,Klima,Klimasysteme,Multi-Split Außengerät,MVT DC,MVT 1403 DC,,,Ja,optional WiFi,WiFi-Konnektivität optional für kompatible Innengeräte ausdrücklich beworben,https://www.remko.de/gewerblich/klimasysteme/multisplit/mvt/,2026-10-05
REMKO,Klima,Klimasysteme,VRF Innengerät,MVD,MVD 222,,1623553,nicht belegt,,VRF-Produktseite verifiziert; Cloud nicht ausdrücklich belegt,https://www.remko.de/gewerblich/klimasysteme/vrf-klimaanlagen/mvv/mvd/,2026-10-05
REMKO,Klima,Klimasysteme,VRF Innengerät,MVD,MVD 282,,1623558,nicht belegt,,VRF-Produktseite verifiziert; Cloud nicht ausdrücklich belegt,https://www.remko.de/gewerblich/klimasysteme/vrf-klimaanlagen/mvv/mvd/,2026-10-05
REMKO,Klima,Klimasysteme,VRF Innengerät,MVD,MVD 362,,1623563,nicht belegt,,VRF-Produktseite verifiziert; Cloud nicht ausdrücklich belegt,https://www.remko.de/gewerblich/klimasysteme/vrf-klimaanlagen/mvv/mvd/,2026-10-05
REMKO,Klima,Klimasysteme,VRF Innengerät,MVD,MVD 452,,1623568,nicht belegt,,VRF-Produktseite verifiziert; Cloud nicht ausdrücklich belegt,https://www.remko.de/gewerblich/klimasysteme/vrf-klimaanlagen/mvv/mvd/,2026-10-05
REMKO,Klima,Klimasysteme,VRF Innengerät,MVD,MVD 1002,,1623578,nicht belegt,,VRF-Produktseite verifiziert; Cloud nicht ausdrücklich belegt,https://www.remko.de/gewerblich/klimasysteme/vrf-klimaanlagen/mvv/mvd/,2026-10-05
REMKO,Klima,Klimasysteme,VRF Innengerät,MVD 153-1123,MVD 153,,,nicht belegt,,VRF-Produktseite verifiziert; Cloud nicht ausdrücklich belegt,https://www.remko.de/gewerblich/klimasysteme/vrf-klimaanlagen/mvv/mvd153-1123/,2026-10-05
REMKO,Klima,Klimasysteme,VRF Innengerät,MVD 153-1123,MVD 223,,,nicht belegt,,VRF-Produktseite verifiziert; Cloud nicht ausdrücklich belegt,https://www.remko.de/gewerblich/klimasysteme/vrf-klimaanlagen/mvv/mvd153-1123/,2026-10-05
REMKO,Klima,Klimasysteme,VRF Innengerät,MVD 153-1123,MVD 283,,,nicht belegt,,VRF-Produktseite verifiziert; Cloud nicht ausdrücklich belegt,https://www.remko.de/gewerblich/klimasysteme/vrf-klimaanlagen/mvv/mvd153-1123/,2026-10-05
REMKO,Klima,Klimasysteme,VRF Innengerät,MVD 153-1123,MVD 363,,,nicht belegt,,VRF-Produktseite verifiziert; Cloud nicht ausdrücklich belegt,https://www.remko.de/gewerblich/klimasysteme/vrf-klimaanlagen/mvv/mvd153-1123/,2026-10-05
REMKO,Klima,Klimasysteme,VRF Innengerät,MVD 153-1123,MVD 453,,,nicht belegt,,VRF-Produktseite verifiziert; Cloud nicht ausdrücklich belegt,https://www.remko.de/gewerblich/klimasysteme/vrf-klimaanlagen/mvv/mvd153-1123/,2026-10-05
REMKO,Klima,Klimasysteme,VRF Innengerät,MVD 153-1123,MVD 563,,,nicht belegt,,VRF-Produktseite verifiziert; Cloud nicht ausdrücklich belegt,https://www.remko.de/gewerblich/klimasysteme/vrf-klimaanlagen/mvv/mvd153-1123/,2026-10-05
REMKO,Klima,Klimasysteme,VRF Innengerät,MVD 153-1123,MVD 633,,,nicht belegt,,VRF-Produktseite verifiziert; Cloud nicht ausdrücklich belegt,https://www.remko.de/gewerblich/klimasysteme/vrf-klimaanlagen/mvv/mvd153-1123/,2026-10-05
REMKO,Klima,Klimasysteme,VRF Innengerät,MVD 153-1123,MVD 713,,,nicht belegt,,VRF-Produktseite verifiziert; Cloud nicht ausdrücklich belegt,https://www.remko.de/gewerblich/klimasysteme/vrf-klimaanlagen/mvv/mvd153-1123/,2026-10-05
REMKO,Klima,Klimasysteme,VRF Innengerät,MVD 153-1123,MVD 803,,,nicht belegt,,VRF-Produktseite verifiziert; Cloud nicht ausdrücklich belegt,https://www.remko.de/gewerblich/klimasysteme/vrf-klimaanlagen/mvv/mvd153-1123/,2026-10-05
REMKO,Klima,Klimasysteme,VRF Innengerät,MVD 153-1123,MVD 903,,,nicht belegt,,VRF-Produktseite verifiziert; Cloud nicht ausdrücklich belegt,https://www.remko.de/gewerblich/klimasysteme/vrf-klimaanlagen/mvv/mvd153-1123/,2026-10-05
REMKO,Klima,Klimasysteme,VRF Innengerät,MVD 153-1123,MVD 1003,,,nicht belegt,,VRF-Produktseite verifiziert; Cloud nicht ausdrücklich belegt,https://www.remko.de/gewerblich/klimasysteme/vrf-klimaanlagen/mvv/mvd153-1123/,2026-10-05
REMKO,Klima,Klimasysteme,VRF Innengerät,MVD 153-1123,MVD 1123,,,nicht belegt,,VRF-Produktseite verifiziert; Cloud nicht ausdrücklich belegt,https://www.remko.de/gewerblich/klimasysteme/vrf-klimaanlagen/mvv/mvd153-1123/,2026-10-05
REMKO,Klima,Kaltwasser-Klimasysteme,Innengerät,KWK DM,KWK 125 DM,,1664200,nicht belegt,,Produktseite verifiziert; Cloud nicht beworben,https://www.remko.de/gewerblich/chiller-kaltwassersaetze/kaltwasser-innengeraete/kwk-dm/,2026-10-05
REMKO,Klima,Kaltwasser-Klimasysteme,Innengerät,KWK DM,KWK 165 DM,,1664210,nicht belegt,,Produktseite verifiziert; Cloud nicht beworben,https://www.remko.de/gewerblich/chiller-kaltwassersaetze/kaltwasser-innengeraete/kwk-dm/,2026-10-05
REMKO,Klima,Kaltwasser-Klimasysteme,Innengerät,KWK DM,KWK 205 DM,,1664220,nicht belegt,,Produktseite verifiziert; Cloud nicht beworben,https://www.remko.de/gewerblich/chiller-kaltwassersaetze/kaltwasser-innengeraete/kwk-dm/,2026-10-05
REMKO,Klima,Kaltwasser-Klimasysteme,Innengerät,KWK DM,KWK 255 DM,,1664230,nicht belegt,,Produktseite verifiziert; Cloud nicht beworben,https://www.remko.de/gewerblich/chiller-kaltwassersaetze/kaltwasser-innengeraete/kwk-dm/,2026-10-05
REMKO,Klima,Kaltwasser-Klimasysteme,Innengerät,KWK DM,KWK 305 DM,,1664240,nicht belegt,,Produktseite verifiziert; Cloud nicht beworben,https://www.remko.de/gewerblich/chiller-kaltwassersaetze/kaltwasser-innengeraete/kwk-dm/,2026-10-05
REMKO,Klima,Kaltwasser-Klimasysteme,Innengerät,KWK DM,KWK 355 DM,,1664250,nicht belegt,,Produktseite verifiziert; Cloud nicht beworben,https://www.remko.de/gewerblich/chiller-kaltwassersaetze/kaltwasser-innengeraete/kwk-dm/,2026-10-05
REMKO,Klima,Kaltwasser-Klimasysteme,Innengerät,KWK DM,KWK 455 DM,,1664260,nicht belegt,,Produktseite verifiziert; Cloud nicht beworben,https://www.remko.de/gewerblich/chiller-kaltwassersaetze/kaltwasser-innengeraete/kwk-dm/,2026-10-05
REMKO,Klima,Kaltwasser-Klimasysteme,Innengerät,KWK DM,KWK 535 DM,,1664270,nicht belegt,,Produktseite verifiziert; Cloud nicht beworben,https://www.remko.de/gewerblich/chiller-kaltwassersaetze/kaltwasser-innengeraete/kwk-dm/,2026-10-05
REMKO,Klima,Kaltwasser-Klimasysteme,Innengerät,KWK DM,KWK 595 DM,,1664280,nicht belegt,,Produktseite verifiziert; Cloud nicht beworben,https://www.remko.de/gewerblich/chiller-kaltwassersaetze/kaltwasser-innengeraete/kwk-dm/,2026-10-05
REMKO,Klima,Kaltwasser-Klimasysteme,Innengerät,KWK DM,KWK 725 DM,,1664290,nicht belegt,,Produktseite verifiziert; Cloud nicht beworben,https://www.remko.de/gewerblich/chiller-kaltwassersaetze/kaltwasser-innengeraete/kwk-dm/,2026-10-05
REMKO,Klima,Kaltwasser-Klimasysteme,Innengerät,KWK ZW,KWK 205 ZW,,1664320,nicht belegt,,Produktseite verifiziert; Cloud nicht beworben,https://www.remko.de/gewerblich/chiller-kaltwassersaetze/kaltwasser-innengeraete/kwk-zw/,2026-10-05
REMKO,Klima,Kaltwasser-Klimasysteme,Innengerät,KWK ZW,KWK 255 ZW,,1664330,nicht belegt,,Produktseite verifiziert; Cloud nicht beworben,https://www.remko.de/gewerblich/chiller-kaltwassersaetze/kaltwasser-innengeraete/kwk-zw/,2026-10-05
REMKO,Klima,Kaltwasser-Klimasysteme,Innengerät,KWK ZW,KWK 305 ZW,,1664340,nicht belegt,,Produktseite verifiziert; Cloud nicht beworben,https://www.remko.de/gewerblich/chiller-kaltwassersaetze/kaltwasser-innengeraete/kwk-zw/,2026-10-05
REMKO,Klima,Kaltwasser-Klimasysteme,Innengerät,KWK ZW,KWK 355 ZW,,1664350,nicht belegt,,Produktseite verifiziert; Cloud nicht beworben,https://www.remko.de/gewerblich/chiller-kaltwassersaetze/kaltwasser-innengeraete/kwk-zw/,2026-10-05
REMKO,Klima,Kaltwasser-Klimasysteme,Innengerät,KWK ZW,KWK 455 ZW,,1664360,nicht belegt,,Produktseite verifiziert; Cloud nicht beworben,https://www.remko.de/gewerblich/chiller-kaltwassersaetze/kaltwasser-innengeraete/kwk-zw/,2026-10-05
REMKO,Klima,Kaltwasser-Klimasysteme,Innengerät,KWK ZW,KWK 535 ZW,,1664370,nicht belegt,,Produktseite verifiziert; Cloud nicht beworben,https://www.remko.de/gewerblich/chiller-kaltwassersaetze/kaltwasser-innengeraete/kwk-zw/,2026-10-05
REMKO,Klima,Kaltwasser-Klimasysteme,Innengerät,KWK ZW,KWK 595 ZW,,1664380,nicht belegt,,Produktseite verifiziert; Cloud nicht beworben,https://www.remko.de/gewerblich/chiller-kaltwassersaetze/kaltwasser-innengeraete/kwk-zw/,2026-10-05
REMKO,Klima,Kaltwasser-Klimasysteme,Innengerät,KWK ZW,KWK 725 ZW,,1664390,nicht belegt,,Produktseite verifiziert; Cloud nicht beworben,https://www.remko.de/gewerblich/chiller-kaltwassersaetze/kaltwasser-innengeraete/kwk-zw/,2026-10-05
REMKO,Klima,Kaltwasser-Klimasysteme,Kaltwasser-Erzeuger,RVS DC,RVS 50 DC,,,nicht belegt,,Serie 50-260 DC verifiziert; Cloud nicht ausdrücklich belegt,https://www.remko.de/gewerblich/chiller-kaltwassersaetze/rvs/,2026-10-05
REMKO,Klima,Kaltwasser-Klimasysteme,Kaltwasser-Erzeuger,RVS DC,RVS 80 DC,,,nicht belegt,,Serie 50-260 DC verifiziert; Cloud nicht ausdrücklich belegt,https://www.remko.de/gewerblich/chiller-kaltwassersaetze/rvs/,2026-10-05
REMKO,Klima,Kaltwasser-Klimasysteme,Kaltwasser-Erzeuger,RVS DC,RVS 110 DC,,,nicht belegt,,Serie 50-260 DC verifiziert; Cloud nicht ausdrücklich belegt,https://www.remko.de/gewerblich/chiller-kaltwassersaetze/rvs/,2026-10-05
REMKO,Klima,Kaltwasser-Klimasysteme,Kaltwasser-Erzeuger,RVS DC,RVS 130 DC,,,nicht belegt,,Serie 50-260 DC verifiziert; Cloud nicht ausdrücklich belegt,https://www.remko.de/gewerblich/chiller-kaltwassersaetze/rvs/,2026-10-05
REMKO,Klima,Kaltwasser-Klimasysteme,Kaltwasser-Erzeuger,RVS DC,RVS 160 DC,,,nicht belegt,,Serie 50-260 DC verifiziert; Cloud nicht ausdrücklich belegt,https://www.remko.de/gewerblich/chiller-kaltwassersaetze/rvs/,2026-10-05
REMKO,Klima,Kaltwasser-Klimasysteme,Kaltwasser-Erzeuger,RVS DC,RVS 200 DC,,,nicht belegt,,Serie 50-260 DC verifiziert; Cloud nicht ausdrücklich belegt,https://www.remko.de/gewerblich/chiller-kaltwassersaetze/rvs/,2026-10-05
REMKO,Klima,Kaltwasser-Klimasysteme,Kaltwasser-Erzeuger,RVS DC,RVS 260 DC,,,nicht belegt,,Serie 50-260 DC verifiziert; Cloud nicht ausdrücklich belegt,https://www.remko.de/gewerblich/chiller-kaltwassersaetze/rvs/,2026-10-05
REMKO,Entfeuchtung,Luftentfeuchter,Adsorption,ASF,ASF 110,,,nicht belegt,,Keine Cloud-Funktion beworben,https://www.remko.de/gewerblich/luftentfeuchter/asf/,2026-10-05
REMKO,Entfeuchtung,Luftentfeuchter,Mobil,ETF 320 Eco,ETF 320 Eco,,,nicht belegt,,Keine Cloud-Funktion beworben,https://www.remko.de/gewerblich/luftentfeuchter/etf-320,2026-10-05
REMKO,Entfeuchtung,Luftentfeuchter,Mobil,ETF 360-460 Eco,ETF 360 Eco,,1610365,nicht belegt,,Keine Cloud-Funktion beworben,https://www.remko.de/gewerblich/luftentfeuchter/etf-360-460/,2026-10-05
REMKO,Entfeuchtung,Luftentfeuchter,Mobil,ETF 360-460 Eco,ETF 460 Eco,,1610465,nicht belegt,,Keine Cloud-Funktion beworben,https://www.remko.de/gewerblich/luftentfeuchter/etf-360-460/,2026-10-05
REMKO,Entfeuchtung,Luftentfeuchter,Wandgerät,ETF 650-S,ETF 650-S,,,nicht belegt,,Keine Cloud-Funktion beworben,https://www.remko.de/gewerblich/luftentfeuchter/etf-s/,2026-10-05
REMKO,Entfeuchtung,Luftentfeuchter,Profi,LTE Eco,LTE 50 Eco II,,618510,nicht belegt,,Keine Cloud-Funktion beworben,https://www.remko.de/gewerblich/luftentfeuchter/lte/,2026-10-05
REMKO,Entfeuchtung,Luftentfeuchter,Profi,LTE Eco,LTE 50 Eco II,,618515,nicht belegt,,Keine Cloud-Funktion beworben,https://www.remko.de/gewerblich/luftentfeuchter/lte/,2026-10-05
REMKO,Entfeuchtung,Luftentfeuchter,Profi,LTE Eco,LTE 60 Eco II,,618610,nicht belegt,,Keine Cloud-Funktion beworben,https://www.remko.de/gewerblich/luftentfeuchter/lte/,2026-10-05
REMKO,Entfeuchtung,Luftentfeuchter,Profi,LTE Eco,LTE 60 Eco II,,618615,nicht belegt,,Keine Cloud-Funktion beworben,https://www.remko.de/gewerblich/luftentfeuchter/lte/,2026-10-05
REMKO,Entfeuchtung,Luftentfeuchter,Profi,LTE Eco,LTE 80 Eco II,,618810,nicht belegt,,Keine Cloud-Funktion beworben,https://www.remko.de/gewerblich/luftentfeuchter/lte/,2026-10-05
REMKO,Entfeuchtung,Luftentfeuchter,Profi,LTE Eco,LTE 80 Eco II,,618815,nicht belegt,,Keine Cloud-Funktion beworben,https://www.remko.de/gewerblich/luftentfeuchter/lte/,2026-10-05
REMKO,Entfeuchtung,Luftentfeuchter,Profi,LTE Eco,LTE 120 Eco II,,618910,nicht belegt,,Keine Cloud-Funktion beworben,https://www.remko.de/gewerblich/luftentfeuchter/lte/,2026-10-05
REMKO,Entfeuchtung,Luftentfeuchter,Profi,LTE Eco,LTE 120 Eco II,,618915,nicht belegt,,Keine Cloud-Funktion beworben,https://www.remko.de/gewerblich/luftentfeuchter/lte/,2026-10-05
REMKO,Entfeuchtung,Schwimmbad-Entfeuchter,Schwimmbad,SLE,SLE 20,,,nicht belegt,,Keine Cloud-Funktion beworben,https://www.remko.de/gewerblich/luftentfeuchter/schwimmbad/sle-20/,2026-10-05
REMKO,Entfeuchtung,Industriesauger,Industriesauger,RK,RK 26,,1304226,nicht belegt,,Keine Cloud-Funktion beworben,https://www.remko.de/gewerblich/luftentfeuchter/industriesauger/,2026-10-05
REMKO,Entfeuchtung,Industriesauger,Industriesauger,RK,RK 26 K,,1304227,nicht belegt,,Keine Cloud-Funktion beworben,https://www.remko.de/gewerblich/luftentfeuchter/industriesauger/,2026-10-05
REMKO,Entfeuchtung,Industriesauger,Industriesauger,RK,RK 45,,1304245,nicht belegt,,Keine Cloud-Funktion beworben,https://www.remko.de/gewerblich/luftentfeuchter/industriesauger/,2026-10-05
REMKO,Entfeuchtung,Industriesauger,Industriesauger,RK,RK 55,,1304255,nicht belegt,,Keine Cloud-Funktion beworben,https://www.remko.de/gewerblich/luftentfeuchter/industriesauger/,2026-10-05
REMKO,Entfeuchtung,Industriesauger,Industriesauger,RK,RK 75,,1304275,nicht belegt,,Keine Cloud-Funktion beworben,https://www.remko.de/gewerblich/luftentfeuchter/industriesauger/,2026-10-05
REMKO,Luftreinigung,Mobile Luftreiniger,Luftreiniger,LRM,LRM 350,,1620350,nicht belegt,,Keine Cloud-Funktion beworben,https://www.remko.de/gewerblich/luftreiniger/lrm/,2026-10-05
REMKO,Luftreinigung,Mobile Luftreiniger,Luftreiniger,LRM,LRM 500,,1620500,nicht belegt,,Keine Cloud-Funktion beworben,https://www.remko.de/gewerblich/luftreiniger/lrm/,2026-10-05
REMKO,Wärme,Mobile Warmluft-Heizsysteme,Elektro,ELT,ELT 2-1,,114120,nicht belegt,,Keine Cloud-Funktion beworben,https://www.remko.de/gewerblich/warmluftheizsysteme/heizluefter-bau-gewerbe/elt,2026-10-05
REMKO,Wärme,Mobile Warmluft-Heizsysteme,Elektro,ELT,ELT 3-2,,114155,nicht belegt,,Keine Cloud-Funktion beworben,https://www.remko.de/gewerblich/warmluftheizsysteme/heizluefter-bau-gewerbe/elt,2026-10-05
REMKO,Wärme,Mobile Warmluft-Heizsysteme,Elektro,ELT,ELT 3-2 E,INOX,114165,nicht belegt,,Keine Cloud-Funktion beworben,https://www.remko.de/gewerblich/warmluftheizsysteme/heizluefter-bau-gewerbe/elt,2026-10-05
REMKO,Wärme,Mobile Warmluft-Heizsysteme,Elektro,ELT,ELT 9-6,,114220,nicht belegt,,Keine Cloud-Funktion beworben,https://www.remko.de/gewerblich/warmluftheizsysteme/heizluefter-bau-gewerbe/elt,2026-10-05
REMKO,Wärme,Mobile Warmluft-Heizsysteme,Elektro,ELT,ELT 9-6 E,INOX,114230,nicht belegt,,Keine Cloud-Funktion beworben,https://www.remko.de/gewerblich/warmluftheizsysteme/heizluefter-bau-gewerbe/elt,2026-10-05
REMKO,Wärme,Mobile Warmluft-Heizsysteme,Elektro,ELT,ELT 10-6,,114255,nicht belegt,,Keine Cloud-Funktion beworben,https://www.remko.de/gewerblich/warmluftheizsysteme/heizluefter-bau-gewerbe/elt,2026-10-05
REMKO,Wärme,Mobile Warmluft-Heizsysteme,Elektro,ELT,ELT 10-6 E,INOX,114265,nicht belegt,,Keine Cloud-Funktion beworben,https://www.remko.de/gewerblich/warmluftheizsysteme/heizluefter-bau-gewerbe/elt,2026-10-05
REMKO,Wärme,Mobile Warmluft-Heizsysteme,Elektro,ELT,ELT 18-9,,114305,nicht belegt,,Keine Cloud-Funktion beworben,https://www.remko.de/gewerblich/warmluftheizsysteme/heizluefter-bau-gewerbe/elt,2026-10-05
REMKO,Wärme,Mobile Warmluft-Heizsysteme,Elektro,ELT,ELT 18-9 E,INOX,114315,nicht belegt,,Keine Cloud-Funktion beworben,https://www.remko.de/gewerblich/warmluftheizsysteme/heizluefter-bau-gewerbe/elt,2026-10-05
REMKO,Wärme,Mobile Warmluft-Heizsysteme,Elektro,ELT,ELT 18-S,,114400,nicht belegt,,Keine Cloud-Funktion beworben,https://www.remko.de/gewerblich/warmluftheizsysteme/heizluefter-bau-gewerbe/elt,2026-10-05
REMKO,Wärme,Mobile Warmluft-Heizsysteme,Elektro,ELT,ELT 18-S E,INOX,114410,nicht belegt,,Keine Cloud-Funktion beworben,https://www.remko.de/gewerblich/warmluftheizsysteme/heizluefter-bau-gewerbe/elt,2026-10-05
REMKO,Wärme,Mobile Warmluft-Heizsysteme,Öl,DZH,DZH 20-2,,116202,nicht belegt,,Keine Cloud-Funktion beworben,https://www.remko.de/gewerblich/warmluftheizsysteme/heizluefter-bau-gewerbe/dzh/,2026-10-05
REMKO,Wärme,Mobile Warmluft-Heizsysteme,Öl,DZH,DZH 30-2,,116302,nicht belegt,,Keine Cloud-Funktion beworben,https://www.remko.de/gewerblich/warmluftheizsysteme/heizluefter-bau-gewerbe/dzh/,2026-10-05
REMKO,Wärme,Mobile Warmluft-Heizsysteme,Öl,DZH,DZH 50-2,,116502,nicht belegt,,Keine Cloud-Funktion beworben,https://www.remko.de/gewerblich/warmluftheizsysteme/heizluefter-bau-gewerbe/dzh/,2026-10-05
REMKO,Wärme,Mobile Warmluft-Heizsysteme,Öl,DZH,DZH 90-2,,116902,nicht belegt,,Keine Cloud-Funktion beworben,https://www.remko.de/gewerblich/warmluftheizsysteme/heizluefter-bau-gewerbe/dzh/,2026-10-05
REMKO,Wärme,Mobile Warmluft-Heizsysteme,Gas,PGM/PGT,PGM 30,,115300,nicht belegt,,Keine Cloud-Funktion beworben,https://www.remko.de/gewerblich/warmluftheizsysteme/heizluefter-bau-gewerbe/pgm-pgt/,2026-10-05
REMKO,Wärme,Mobile Warmluft-Heizsysteme,Gas,PGM/PGT,PGM 30 E,,115350,nicht belegt,,Keine Cloud-Funktion beworben,https://www.remko.de/gewerblich/warmluftheizsysteme/heizluefter-bau-gewerbe/pgm-pgt/,2026-10-05
REMKO,Wärme,Mobile Warmluft-Heizsysteme,Gas,PGM/PGT,PGM 60,,115400,nicht belegt,,Keine Cloud-Funktion beworben,https://www.remko.de/gewerblich/warmluftheizsysteme/heizluefter-bau-gewerbe/pgm-pgt/,2026-10-05
REMKO,Wärme,Mobile Warmluft-Heizsysteme,Gas,PGM/PGT,PGM 60 E,,115450,nicht belegt,,Keine Cloud-Funktion beworben,https://www.remko.de/gewerblich/warmluftheizsysteme/heizluefter-bau-gewerbe/pgm-pgt/,2026-10-05
REMKO,Wärme,Mobile Warmluft-Heizsysteme,Gas,PGM/PGT,PGT 30,,,nicht belegt,,Keine Cloud-Funktion beworben,https://www.remko.de/gewerblich/warmluftheizsysteme/heizluefter-bau-gewerbe/pgm-pgt/,2026-10-05
REMKO,Wärme,Mobile Warmluft-Heizsysteme,Gas,PGM/PGT,PGT 60,,,nicht belegt,,Keine Cloud-Funktion beworben,https://www.remko.de/gewerblich/warmluftheizsysteme/heizluefter-bau-gewerbe/pgm-pgt/,2026-10-05
REMKO,Wärme,Mobile Warmluft-Heizsysteme,Gas,PGM/PGT,PGT 100,,,nicht belegt,,Keine Cloud-Funktion beworben,https://www.remko.de/gewerblich/warmluftheizsysteme/heizluefter-bau-gewerbe/pgm-pgt/,2026-10-05
REMKO,Wärme,Mobile Warmluft-Heizsysteme,Öl/Gas,CLK,CLK 30,,,nicht belegt,,Keine Cloud-Funktion beworben,https://www.remko.de/gewerblich/warmluftheizsysteme/heizluefter-bau-gewerbe/clk/,2026-10-05
REMKO,Wärme,Mobile Warmluft-Heizsysteme,Öl/Gas,CLK,CLK 50,,,nicht belegt,,Keine Cloud-Funktion beworben,https://www.remko.de/gewerblich/warmluftheizsysteme/heizluefter-bau-gewerbe/clk/,2026-10-05
REMKO,Wärme,Mobile Warmluft-Heizsysteme,Öl/Gas,CLK,CLK 70,,,nicht belegt,,Keine Cloud-Funktion beworben,https://www.remko.de/gewerblich/warmluftheizsysteme/heizluefter-bau-gewerbe/clk/,2026-10-05
REMKO,Wärme,Mobile Warmluft-Heizsysteme,Öl/Gas,CLK,CLK 120,,,nicht belegt,,Keine Cloud-Funktion beworben,https://www.remko.de/gewerblich/warmluftheizsysteme/heizluefter-bau-gewerbe/clk/,2026-10-05
REMKO,Wärme,Mobile Warmluft-Heizsysteme,Öl/Gas,CLK,CLK 150,,,nicht belegt,,Keine Cloud-Funktion beworben,https://www.remko.de/gewerblich/warmluftheizsysteme/heizluefter-bau-gewerbe/clk/,2026-10-05
REMKO,Wärme,Mobile Warmluft-Heizsysteme,Öl/Gas,CLK,CLK 80-RV,,,nicht belegt,,Keine Cloud-Funktion beworben,https://www.remko.de/gewerblich/warmluftheizsysteme/heizluefter-bau-gewerbe/clk/,2026-10-05
REMKO,Wärme,Mobile Warmluft-Heizsysteme,Öl/Gas,CLK,CLK 170-RV,,,nicht belegt,,Keine Cloud-Funktion beworben,https://www.remko.de/gewerblich/warmluftheizsysteme/heizluefter-bau-gewerbe/clk/,2026-10-05
REMKO,Wärme,Mobile Warmluft-Heizsysteme,Öl-Heizzentrale,HTL (EC),HTL 80,,,nicht belegt,,Keine Cloud-Funktion beworben,https://www.remko.de/gewerblich/warmluftheizsysteme/heizluefter-bau-gewerbe/htl/,2026-10-05
REMKO,Wärme,Mobile Warmluft-Heizsysteme,Öl-Heizzentrale,HTL (EC),HTL 170,,,nicht belegt,,Keine Cloud-Funktion beworben,https://www.remko.de/gewerblich/warmluftheizsysteme/heizluefter-bau-gewerbe/htl/,2026-10-05
REMKO,Wärme,Mobile Warmluft-Heizsysteme,Öl-Heizzentrale,HTL (EC),HTL 200 EC,,,nicht belegt,,Keine Cloud-Funktion beworben,https://www.remko.de/gewerblich/warmluftheizsysteme/heizluefter-bau-gewerbe/htl/,2026-10-05
REMKO,Wärme,Mobile Warmluft-Heizsysteme,Öl-Heizzentrale,HTL (EC),HTL 250 EC,,,nicht belegt,,Keine Cloud-Funktion beworben,https://www.remko.de/gewerblich/warmluftheizsysteme/heizluefter-bau-gewerbe/htl/,2026-10-05
REMKO,Wärme,Mobile Warmluft-Heizsysteme,Öl-Heizzentrale,HTL (EC),HTL 400,,,nicht belegt,,Keine Cloud-Funktion beworben,https://www.remko.de/gewerblich/warmluftheizsysteme/heizluefter-bau-gewerbe/htl/,2026-10-05
REMKO,Wärme,Stationäre Warmluft-Heizsysteme,Gas,GPS,GPS 200,,,nicht belegt,,Keine Cloud-Funktion beworben,https://www.remko.de/gewerblich/warmluftheizsysteme/stationaer/gps/,2026-10-05
REMKO,Wärme,Stationäre Warmluft-Heizsysteme,Gas,GPS,GPS 300,,,nicht belegt,,Keine Cloud-Funktion beworben,https://www.remko.de/gewerblich/warmluftheizsysteme/stationaer/gps/,2026-10-05
REMKO,Wärme,Stationäre Warmluft-Heizsysteme,Gas,GPS,GPS 400,,,nicht belegt,,Keine Cloud-Funktion beworben,https://www.remko.de/gewerblich/warmluftheizsysteme/stationaer/gps/,2026-10-05
REMKO,Wärme,Stationäre Warmluft-Heizsysteme,Gas,GPS,GPS 600,,,nicht belegt,,Keine Cloud-Funktion beworben,https://www.remko.de/gewerblich/warmluftheizsysteme/stationaer/gps/,2026-10-05
REMKO,Wärme,Stationäre Warmluft-Heizsysteme,Gas,GPS,GPS 800,,,nicht belegt,,Keine Cloud-Funktion beworben,https://www.remko.de/gewerblich/warmluftheizsysteme/stationaer/gps/,2026-10-05
REMKO,Klima,Stationäre Raumklimasysteme,Multisplit MVT DC,MXW,MXW 204,,1623380,Ja,optional,MVT-Seite: WiFi-Konnektivität optional für MXW; Smart-Control Touch anschließbar.,https://www.remko.de/gewerblich/klimasysteme/multisplit/mvt/mxw/,2026-10-05
REMKO,Klima,Stationäre Raumklimasysteme,Multisplit MVT DC,MXW,MXW 264,,1623382,Ja,optional,MVT-Seite: WiFi-Konnektivität optional für MXW; Smart-Control Touch anschließbar.,https://www.remko.de/gewerblich/klimasysteme/multisplit/mvt/mxw/,2026-10-05
REMKO,Klima,Stationäre Raumklimasysteme,Multisplit MVT DC,MXW,MXW 354,,1623384,Ja,optional,MVT-Seite: WiFi-Konnektivität optional für MXW; Smart-Control Touch anschließbar.,https://www.remko.de/gewerblich/klimasysteme/multisplit/mvt/mxw/,2026-10-05
REMKO,Klima,Stationäre Raumklimasysteme,Multisplit MVT DC,MXW,MXW 524,,1623386,Ja,optional,MVT-Seite: WiFi-Konnektivität optional für MXW; Smart-Control Touch anschließbar.,https://www.remko.de/gewerblich/klimasysteme/multisplit/mvt/mxw/,2026-10-05
REMKO,Klima,Stationäre Raumklimasysteme,Multisplit MVT DC,MXD,MXD 204,,1623411,Ja,optional,MVT-Seite: WiFi-Konnektivität optional für MXD; Smart-Control Touch anschließbar.,https://www.remko.de/gewerblich/klimasysteme/multisplit/mvt/mxd/,2026-10-05
REMKO,Klima,Stationäre Raumklimasysteme,Multisplit MVT DC,MXD,MXD 264,,1623412,Ja,optional,MVT-Seite: WiFi-Konnektivität optional für MXD; Smart-Control Touch anschließbar.,https://www.remko.de/gewerblich/klimasysteme/multisplit/mvt/mxd/,2026-10-05
REMKO,Klima,Stationäre Raumklimasysteme,Multisplit MVT DC,MXD,MXD 354,,1623414,Ja,optional,MVT-Seite: WiFi-Konnektivität optional für MXD; Smart-Control Touch anschließbar.,https://www.remko.de/gewerblich/klimasysteme/multisplit/mvt/mxd/,2026-10-05
REMKO,Klima,Stationäre Raumklimasysteme,Multisplit MVT DC,MXD,MXD 524,,1623416,Ja,optional,MVT-Seite: WiFi-Konnektivität optional für MXD; Smart-Control Touch anschließbar.,https://www.remko.de/gewerblich/klimasysteme/multisplit/mvt/mxd/,2026-10-05
REMKO,Klima,Stationäre Raumklimasysteme,Multisplit MVT DC,MXT,MXT 355,,1623405,Ja,optional,MVT-Seite: WiFi-Konnektivität optional für MXT; Smart-Control Touch anschließbar.,https://www.remko.de/gewerblich/klimasysteme/multisplit/mvt/mxt/,2026-10-05
REMKO,Klima,Stationäre Raumklimasysteme,Multisplit MVT DC,MXT,MXT 525,,1623410,Ja,optional,MVT-Seite: WiFi-Konnektivität optional für MXT; Smart-Control Touch anschließbar.,https://www.remko.de/gewerblich/klimasysteme/multisplit/mvt/mxt/,2026-10-05
REMKO,Klima,Stationäre Raumklimasysteme,Multisplit MVT DC,MXK,MXK 355,,1621400,nicht belegt,,"MVT-Seite nennt WiFi für MXW/MXD/MXT/ATY, nicht für MXK.",https://www.remko.de/gewerblich/klimasysteme/multisplit/mvt/mxk/,2026-10-05
REMKO,Klima,Stationäre Raumklimasysteme,Multisplit MVT DC,MXK,MXK 525,,1621410,nicht belegt,,"MVT-Seite nennt WiFi für MXW/MXD/MXT/ATY, nicht für MXK.",https://www.remko.de/gewerblich/klimasysteme/multisplit/mvt/mxk/,2026-10-05
REMKO,Klima,Stationäre Raumklimasysteme,Multisplit MVT DC,ATY,ATY 356,,,Ja,optional,MVT-Seite: WiFi-Konnektivität optional für ATY.,https://www.remko.de/gewerblich/klimasysteme/multisplit/mvt/aty/,2026-10-05
REMKO,Klima,Stationäre Raumklimasysteme,Multisplit MVT DC,ATY Deko,ATY 267 Deko,,1623430,Ja,optional,MVT-Seite: WiFi-Konnektivität optional für ATY Deko.,https://www.remko.de/gewerblich/klimasysteme/multisplit/mvt/aty-deko/,2026-10-05
REMKO,Klima,Stationäre Raumklimasysteme,Multisplit MVT DC,ATY Deko,ATY 357 Deko,,1623432,Ja,optional,MVT-Seite: WiFi-Konnektivität optional für ATY Deko.,https://www.remko.de/gewerblich/klimasysteme/multisplit/mvt/aty-deko/,2026-10-05
REMKO,Klima,Stationäre Raumklimasysteme,Multisplit MVT DC,ATY Deko,ATY 527 Deko,,1623434,Ja,optional,MVT-Seite: WiFi-Konnektivität optional für ATY Deko.,https://www.remko.de/gewerblich/klimasysteme/multisplit/mvt/aty-deko/,2026-10-05
REMKO,Klima,Stationäre Raumklimasysteme,Single-Split,RWT DC,RWT 355 DC,,1623420,Ja,optional,Produktseite bewirbt Alexa-Steuerung via Smart-Control WiFi-Stick.,https://www.remko.de/gewerblich/klimasysteme/single-split/rwt/,2026-10-05
REMKO,Klima,Stationäre Raumklimasysteme,Single-Split,RWT DC,RWT 525 DC,,1623425,Ja,optional,Produktseite bewirbt Alexa-Steuerung via Smart-Control WiFi-Stick.,https://www.remko.de/gewerblich/klimasysteme/single-split/rwt/,2026-10-05
REMKO,Klima,Stationäre Raumklimasysteme,Single-Split,RXK DC,RXK 355 DC,,1621360,Ja,optional,Produktseite: steuerbar über Web oder KNX mittels optionaler Regelung SC-1 (Smart-Com).,https://www.remko.de/gewerblich/klimasysteme/single-split/rxk/,2026-10-05
REMKO,Klima,Stationäre Raumklimasysteme,Single-Split,RXK DC,RXK 525 DC,,1621370,Ja,optional,Produktseite: steuerbar über Web oder KNX mittels optionaler Regelung SC-1 (Smart-Com).,https://www.remko.de/gewerblich/klimasysteme/single-split/rxk/,2026-10-05
REMKO,Klima,Stationäre Raumklimasysteme,Single-Split,RXK DC,RXK 1055 DC,,1621380,Ja,optional,Produktseite: steuerbar über Web oder KNX mittels optionaler Regelung SC-1 (Smart-Com).,https://www.remko.de/gewerblich/klimasysteme/single-split/rxk/,2026-10-05
REMKO,Klima,Stationäre Raumklimasysteme,Single-Split,RXK DC,RXK 1505 DC,,1621390,Ja,optional,Produktseite: steuerbar über Web oder KNX mittels optionaler Regelung SC-1 (Smart-Com).,https://www.remko.de/gewerblich/klimasysteme/single-split/rxk/,2026-10-05
REMKO,Klima,Lokale Raumklimasysteme,Lokales Split-Klimagerät,RKL DC,RKL 495 DC,,1616495,nicht belegt,,Auf aktueller Produktseite keine Cloud-/Web-/WiFi-Funktion beworben.,https://www.remko.de/gewerblich/klimasysteme/lokal/rkl-dc/,2026-10-05
REMKO,Klima,Lokale Raumklimasysteme,Lokales Split-Klimagerät,RKL DC,RKL 495 DC S-Line,S-Line,1616496,nicht belegt,,Auf aktueller Produktseite keine Cloud-/Web-/WiFi-Funktion beworben.,https://www.remko.de/gewerblich/klimasysteme/lokal/rkl-dc/,2026-10-05
REMKO,Klima,Stationäre Raumklimasysteme,VRF Multi-Klimasystem,MVV DC,MVV 1203 DC,,,nicht belegt,,Aktuelle MVV-Produktseite bewirbt keine Cloud-/Web-Funktion ausdrücklich.,https://www.remko.de/gewerblich/klimasysteme/vrf-klimaanlagen/mvv/,2026-10-05
REMKO,Klima,Stationäre Raumklimasysteme,VRF Multi-Klimasystem,MVV DC,MVV 1603 DC,,,nicht belegt,,Aktuelle MVV-Produktseite bewirbt keine Cloud-/Web-Funktion ausdrücklich.,https://www.remko.de/gewerblich/klimasysteme/vrf-klimaanlagen/mvv/,2026-10-05
REMKO,Klima,Stationäre Raumklimasysteme,VRF Multi-Klimasystem,MVV DC,MVV 2003 DC,,,nicht belegt,,Aktuelle MVV-Produktseite bewirbt keine Cloud-/Web-Funktion ausdrücklich.,https://www.remko.de/gewerblich/klimasysteme/vrf-klimaanlagen/mvv/,2026-10-05
REMKO,Klima,Stationäre Raumklimasysteme,VRF Multi-Klimasystem,MVV DC,MVV 1203 DC Duo,,,nicht belegt,,Aktuelle MVV-Produktseite bewirbt keine Cloud-/Web-Funktion ausdrücklich.,https://www.remko.de/gewerblich/klimasysteme/vrf-klimaanlagen/mvv/,2026-10-05
REMKO,Klima,Stationäre Raumklimasysteme,VRF Multi-Klimasystem,MVV DC,MVV 1603 DC Duo,,,nicht belegt,,Aktuelle MVV-Produktseite bewirbt keine Cloud-/Web-Funktion ausdrücklich.,https://www.remko.de/gewerblich/klimasysteme/vrf-klimaanlagen/mvv/,2026-10-05
REMKO,Klima,Stationäre Raumklimasysteme,VRF Multi-Klimasystem,MVV DC,MVV 2003 DC Duo,,,nicht belegt,,Aktuelle MVV-Produktseite bewirbt keine Cloud-/Web-Funktion ausdrücklich.,https://www.remko.de/gewerblich/klimasysteme/vrf-klimaanlagen/mvv/,2026-10-05
REMKO,Klima,Stationäre Raumklimasysteme,VRF Innengerät,MVW,MVW 222,,1623504,nicht belegt,,Auf Produktseite keine Cloud-/Web-Funktion ausdrücklich beworben.,https://www.remko.de/gewerblich/klimasysteme/vrf-klimaanlagen/mvv/mvw/,2026-10-05
REMKO,Klima,Stationäre Raumklimasysteme,VRF Innengerät,MVW,MVW 282,,1623509,nicht belegt,,Auf Produktseite keine Cloud-/Web-Funktion ausdrücklich beworben.,https://www.remko.de/gewerblich/klimasysteme/vrf-klimaanlagen/mvv/mvw/,2026-10-05
REMKO,Klima,Stationäre Raumklimasysteme,VRF Innengerät,MVW,MVW 362,,1623514,nicht belegt,,Auf Produktseite keine Cloud-/Web-Funktion ausdrücklich beworben.,https://www.remko.de/gewerblich/klimasysteme/vrf-klimaanlagen/mvv/mvw/,2026-10-05
REMKO,Klima,Stationäre Raumklimasysteme,VRF Innengerät,MVW 153-563,MVW 153 (P),,,nicht belegt,,Auf Produktseite keine Cloud-/Web-Funktion ausdrücklich beworben.,https://www.remko.de/gewerblich/klimasysteme/vrf-klimaanlagen/mvv/mvw153-563/,2026-10-05
REMKO,Klima,Stationäre Raumklimasysteme,VRF Innengerät,MVW 153-563,MVW 223 (P),,,nicht belegt,,Auf Produktseite keine Cloud-/Web-Funktion ausdrücklich beworben.,https://www.remko.de/gewerblich/klimasysteme/vrf-klimaanlagen/mvv/mvw153-563/,2026-10-05
REMKO,Klima,Stationäre Raumklimasysteme,VRF Innengerät,MVW 153-563,MVW 283 (P),,,nicht belegt,,Auf Produktseite keine Cloud-/Web-Funktion ausdrücklich beworben.,https://www.remko.de/gewerblich/klimasysteme/vrf-klimaanlagen/mvv/mvw153-563/,2026-10-05
REMKO,Klima,Stationäre Raumklimasysteme,VRF Innengerät,MVW 153-563,MVW 363 (P),,,nicht belegt,,Auf Produktseite keine Cloud-/Web-Funktion ausdrücklich beworben.,https://www.remko.de/gewerblich/klimasysteme/vrf-klimaanlagen/mvv/mvw153-563/,2026-10-05
REMKO,Klima,Stationäre Raumklimasysteme,VRF Innengerät,MVW 153-563,MVW 453 (P),,,nicht belegt,,Auf Produktseite keine Cloud-/Web-Funktion ausdrücklich beworben.,https://www.remko.de/gewerblich/klimasysteme/vrf-klimaanlagen/mvv/mvw153-563/,2026-10-05
REMKO,Klima,Stationäre Raumklimasysteme,VRF Innengerät,MVW 153-563,MVW 563 (P),,,nicht belegt,,Auf Produktseite keine Cloud-/Web-Funktion ausdrücklich beworben.,https://www.remko.de/gewerblich/klimasysteme/vrf-klimaanlagen/mvv/mvw153-563/,2026-10-05
REMKO,Klima,Kaltwasser-Klimasysteme,Kaltwasser-Erzeuger,KWE Eco,KWE 290 Eco,,1704290,nicht belegt,,"Produktseite nennt GLT-Einbindung, aber keine Cloud-/Web-Funktion ausdrücklich.",https://www.remko.de/gewerblich/chiller-kaltwassersaetze/kwe-eco,2026-10-05
REMKO,Klima,Kaltwasser-Klimasysteme,Kaltwasser-Erzeuger,KWE Eco,KWE 330 Eco,,1704330,nicht belegt,,"Produktseite nennt GLT-Einbindung, aber keine Cloud-/Web-Funktion ausdrücklich.",https://www.remko.de/gewerblich/chiller-kaltwassersaetze/kwe-eco,2026-10-05
REMKO,Klima,Kaltwasser-Klimasysteme,Kaltwasser-Erzeuger,KWE Eco,KWE 380 Eco,,1704380,nicht belegt,,"Produktseite nennt GLT-Einbindung, aber keine Cloud-/Web-Funktion ausdrücklich.",https://www.remko.de/gewerblich/chiller-kaltwassersaetze/kwe-eco,2026-10-05
REMKO,Klima,Kaltwasser-Klimasysteme,Kaltwasser-Erzeuger,KWE Eco,KWE 430 Eco,,1704430,nicht belegt,,"Produktseite nennt GLT-Einbindung, aber keine Cloud-/Web-Funktion ausdrücklich.",https://www.remko.de/gewerblich/chiller-kaltwassersaetze/kwe-eco,2026-10-05
REMKO,Klima,Kaltwasser-Klimasysteme,Kaltwasser-Erzeuger,KWE Eco,KWE 500 Eco,,1704500,nicht belegt,,"Produktseite nennt GLT-Einbindung, aber keine Cloud-/Web-Funktion ausdrücklich.",https://www.remko.de/gewerblich/chiller-kaltwassersaetze/kwe-eco,2026-10-05
REMKO,Klima,Kaltwasser-Klimasysteme,Kaltwasser-Erzeuger,KWE Eco,KWE 550 Eco,,1704550,nicht belegt,,"Produktseite nennt GLT-Einbindung, aber keine Cloud-/Web-Funktion ausdrücklich.",https://www.remko.de/gewerblich/chiller-kaltwassersaetze/kwe-eco,2026-10-05
REMKO,Klima,Kaltwasser-Klimasysteme,Kaltwasser-Erzeuger,KWE Eco,KWE 640 Eco,,1704640,nicht belegt,,"Produktseite nennt GLT-Einbindung, aber keine Cloud-/Web-Funktion ausdrücklich.",https://www.remko.de/gewerblich/chiller-kaltwassersaetze/kwe-eco,2026-10-05
REMKO,Klima,Kaltwasser-Klimasysteme,Kaltwasser-Erzeuger,KWE Eco,KWE 730 Eco,,1704730,nicht belegt,,"Produktseite nennt GLT-Einbindung, aber keine Cloud-/Web-Funktion ausdrücklich.",https://www.remko.de/gewerblich/chiller-kaltwassersaetze/kwe-eco,2026-10-05
REMKO,Klima,Kaltwasser-Klimasysteme,Kaltwasser-Erzeuger,KWE Eco,KWE 800 Eco,,1704800,nicht belegt,,"Produktseite nennt GLT-Einbindung, aber keine Cloud-/Web-Funktion ausdrücklich.",https://www.remko.de/gewerblich/chiller-kaltwassersaetze/kwe-eco,2026-10-05
REMKO,Klima,Kaltwasser-Klimasysteme,Kaltwasser-Erzeuger,KWE Eco,KWE 970 Eco,,1704970,nicht belegt,,"Produktseite nennt GLT-Einbindung, aber keine Cloud-/Web-Funktion ausdrücklich.",https://www.remko.de/gewerblich/chiller-kaltwassersaetze/kwe-eco,2026-10-05
REMKO,Klima,Kaltwasser-Klimasysteme,Kaltwasser-Erzeuger,KWE Eco,KWE 1060 Eco,,1705060,nicht belegt,,"Produktseite nennt GLT-Einbindung, aber keine Cloud-/Web-Funktion ausdrücklich.",https://www.remko.de/gewerblich/chiller-kaltwassersaetze/kwe-eco,2026-10-05
REMKO,Klima,Kaltwasser-Klimasysteme,Kaltwasser-Erzeuger,KWE Eco,KWE 1150 Eco,,1705150,nicht belegt,,"Produktseite nennt GLT-Einbindung, aber keine Cloud-/Web-Funktion ausdrücklich.",https://www.remko.de/gewerblich/chiller-kaltwassersaetze/kwe-eco,2026-10-05
REMKO,Klima,Kaltwasser-Klimasysteme,Kaltwasser-Erzeuger,KWE Eco,KWE 1240 Eco,,1705240,nicht belegt,,"Produktseite nennt GLT-Einbindung, aber keine Cloud-/Web-Funktion ausdrücklich.",https://www.remko.de/gewerblich/chiller-kaltwassersaetze/kwe-eco,2026-10-05
REMKO,Klima,Kaltwasser-Klimasysteme,Kaltwasser-Erzeuger,KWE Eco,KWE 1320 Eco,,1705320,nicht belegt,,"Produktseite nennt GLT-Einbindung, aber keine Cloud-/Web-Funktion ausdrücklich.",https://www.remko.de/gewerblich/chiller-kaltwassersaetze/kwe-eco,2026-10-05
REMKO,Klima,Kaltwasser-Klimasysteme,Kaltwasser-Erzeuger,KWE Eco,KWE 1400 Eco,,1705400,nicht belegt,,"Produktseite nennt GLT-Einbindung, aber keine Cloud-/Web-Funktion ausdrücklich.",https://www.remko.de/gewerblich/chiller-kaltwassersaetze/kwe-eco,2026-10-05
REMKO,Klima,Kaltwasser-Klimasysteme,Kaltwasser-Erzeuger,KWE Eco,KWE 1480 Eco,,1705480,nicht belegt,,"Produktseite nennt GLT-Einbindung, aber keine Cloud-/Web-Funktion ausdrücklich.",https://www.remko.de/gewerblich/chiller-kaltwassersaetze/kwe-eco,2026-10-05
REMKO,Klima,Kaltwasser-Klimasysteme,Kaltwasser-Erzeuger,KWE Eco,KWE 1550 Eco,,1705550,nicht belegt,,"Produktseite nennt GLT-Einbindung, aber keine Cloud-/Web-Funktion ausdrücklich.",https://www.remko.de/gewerblich/chiller-kaltwassersaetze/kwe-eco,2026-10-05
REMKO,Klima,Kaltwasser-Klimasysteme,Kaltwasser-Erzeuger,KWE Eco,KWE 1600 Eco,,1705600,nicht belegt,,"Produktseite nennt GLT-Einbindung, aber keine Cloud-/Web-Funktion ausdrücklich.",https://www.remko.de/gewerblich/chiller-kaltwassersaetze/kwe-eco,2026-10-05
REMKO,Klima,Kaltwasser-Klimasysteme,Kaltwasser-Erzeuger,KWE Eco,KWE 1850 Eco,,1705850,nicht belegt,,"Produktseite nennt GLT-Einbindung, aber keine Cloud-/Web-Funktion ausdrücklich.",https://www.remko.de/gewerblich/chiller-kaltwassersaetze/kwe-eco,2026-10-05
REMKO,Klima,Kaltwasser-Klimasysteme,Kaltwasser-Erzeuger,KWE Eco,KWE 2100 Eco,,1706100,nicht belegt,,"Produktseite nennt GLT-Einbindung, aber keine Cloud-/Web-Funktion ausdrücklich.",https://www.remko.de/gewerblich/chiller-kaltwassersaetze/kwe-eco,2026-10-05
REMKO,Klima,Kaltwasser-Klimasysteme,Kaltwasser-Erzeuger,KWE Eco,KWE 2350 Eco,,1706350,nicht belegt,,"Produktseite nennt GLT-Einbindung, aber keine Cloud-/Web-Funktion ausdrücklich.",https://www.remko.de/gewerblich/chiller-kaltwassersaetze/kwe-eco,2026-10-05
REMKO,Klima,Kaltwasser-Klimasysteme,Kaltwasser-Erzeuger,KWE Eco,KWE 2600 Eco,,1706600,nicht belegt,,"Produktseite nennt GLT-Einbindung, aber keine Cloud-/Web-Funktion ausdrücklich.",https://www.remko.de/gewerblich/chiller-kaltwassersaetze/kwe-eco,2026-10-05
REMKO,Klima,Kaltwasser-Klimasysteme,Kaltwasser-Erzeuger,KWE Eco,KWE 2850 Eco,,1706850,nicht belegt,,"Produktseite nennt GLT-Einbindung, aber keine Cloud-/Web-Funktion ausdrücklich.",https://www.remko.de/gewerblich/chiller-kaltwassersaetze/kwe-eco,2026-10-05
REMKO,Klima,Kaltwasser-Klimasysteme,Kaltwasser-Erzeuger,KWE Eco,KWE 3150 Eco,,1707150,nicht belegt,,"Produktseite nennt GLT-Einbindung, aber keine Cloud-/Web-Funktion ausdrücklich.",https://www.remko.de/gewerblich/chiller-kaltwassersaetze/kwe-eco,2026-10-05
REMKO,Klima,Kaltwasser-Klimasysteme,Kaltwasser-Erzeuger,KWP Eco,KWP 460 Eco,,1707460,nicht belegt,,"Produktseite nennt GLT/optionales Modbus, aber keine Cloud-/Web-Funktion ausdrücklich.",https://www.remko.de/gewerblich/chiller-kaltwassersaetze/kwp-eco,2026-10-05
REMKO,Klima,Kaltwasser-Klimasysteme,Kaltwasser-Erzeuger,KWP Eco,KWP 520 Eco,,1707520,nicht belegt,,"Produktseite nennt GLT/optionales Modbus, aber keine Cloud-/Web-Funktion ausdrücklich.",https://www.remko.de/gewerblich/chiller-kaltwassersaetze/kwp-eco,2026-10-05
REMKO,Klima,Kaltwasser-Klimasysteme,Kaltwasser-Erzeuger,KWP Eco,KWP 600 Eco,,1707600,nicht belegt,,"Produktseite nennt GLT/optionales Modbus, aber keine Cloud-/Web-Funktion ausdrücklich.",https://www.remko.de/gewerblich/chiller-kaltwassersaetze/kwp-eco,2026-10-05
REMKO,Klima,Kaltwasser-Klimasysteme,Kaltwasser-Erzeuger,KWP Eco,KWP 790 Eco,,1707790,nicht belegt,,"Produktseite nennt GLT/optionales Modbus, aber keine Cloud-/Web-Funktion ausdrücklich.",https://www.remko.de/gewerblich/chiller-kaltwassersaetze/kwp-eco,2026-10-05
REMKO,Klima,Kaltwasser-Klimasysteme,Kaltwasser-Erzeuger,KWP Eco,KWP 900 Eco,,1707900,nicht belegt,,"Produktseite nennt GLT/optionales Modbus, aber keine Cloud-/Web-Funktion ausdrücklich.",https://www.remko.de/gewerblich/chiller-kaltwassersaetze/kwp-eco,2026-10-05
REMKO,Klima,Kaltwasser-Klimasysteme,Kaltwasser-Erzeuger,KWP Eco,KWP 1030 Eco,,1708030,nicht belegt,,"Produktseite nennt GLT/optionales Modbus, aber keine Cloud-/Web-Funktion ausdrücklich.",https://www.remko.de/gewerblich/chiller-kaltwassersaetze/kwp-eco,2026-10-05
REMKO,Klima,Kaltwasser-Klimasysteme,Kaltwasser-Erzeuger,KWP Eco,KWP 1120 Eco,,1708120,nicht belegt,,"Produktseite nennt GLT/optionales Modbus, aber keine Cloud-/Web-Funktion ausdrücklich.",https://www.remko.de/gewerblich/chiller-kaltwassersaetze/kwp-eco,2026-10-05
REMKO,Klima,Kaltwasser-Klimasysteme,Kaltwasser-Erzeuger,KWP Eco,KWP 1220 Eco,,1708220,nicht belegt,,"Produktseite nennt GLT/optionales Modbus, aber keine Cloud-/Web-Funktion ausdrücklich.",https://www.remko.de/gewerblich/chiller-kaltwassersaetze/kwp-eco,2026-10-05
REMKO,Klima,Kaltwasser-Klimasysteme,Kaltwasser-Erzeuger,KWP Eco,KWP 1310 Eco,,1708310,nicht belegt,,"Produktseite nennt GLT/optionales Modbus, aber keine Cloud-/Web-Funktion ausdrücklich.",https://www.remko.de/gewerblich/chiller-kaltwassersaetze/kwp-eco,2026-10-05
REMKO,Klima,Kaltwasser-Klimasysteme,Kaltwasser-Erzeuger,KWP Eco,KWP 1400 Eco,,1708400,nicht belegt,,"Produktseite nennt GLT/optionales Modbus, aber keine Cloud-/Web-Funktion ausdrücklich.",https://www.remko.de/gewerblich/chiller-kaltwassersaetze/kwp-eco,2026-10-05
REMKO,Klima,Kaltwasser-Klimasysteme,Kaltwasser-Erzeuger,KWP Eco,KWP 1480 Eco,,1708480,nicht belegt,,"Produktseite nennt GLT/optionales Modbus, aber keine Cloud-/Web-Funktion ausdrücklich.",https://www.remko.de/gewerblich/chiller-kaltwassersaetze/kwp-eco,2026-10-05
REMKO,Klima,Kaltwasser-Klimasysteme,Kaltwasser-Erzeuger,KWP Eco,KWP 1700 Eco,,1708700,nicht belegt,,"Produktseite nennt GLT/optionales Modbus, aber keine Cloud-/Web-Funktion ausdrücklich.",https://www.remko.de/gewerblich/chiller-kaltwassersaetze/kwp-eco,2026-10-05
REMKO,Klima,Kaltwasser-Klimasysteme,Kaltwasser-Erzeuger,KWP Eco,KWP 1960 Eco,,1708960,nicht belegt,,"Produktseite nennt GLT/optionales Modbus, aber keine Cloud-/Web-Funktion ausdrücklich.",https://www.remko.de/gewerblich/chiller-kaltwassersaetze/kwp-eco,2026-10-05
REMKO,Klima,Kaltwasser-Klimasysteme,Kaltwasser-Erzeuger,KWP Eco,KWP 2200 Eco,,1709220,nicht belegt,,"Produktseite nennt GLT/optionales Modbus, aber keine Cloud-/Web-Funktion ausdrücklich.",https://www.remko.de/gewerblich/chiller-kaltwassersaetze/kwp-eco,2026-10-05
REMKO,Klima,Kaltwasser-Klimasysteme,Kaltwasser-Erzeuger,KWP Eco,KWP 2460 Eco,,1709460,nicht belegt,,"Produktseite nennt GLT/optionales Modbus, aber keine Cloud-/Web-Funktion ausdrücklich.",https://www.remko.de/gewerblich/chiller-kaltwassersaetze/kwp-eco,2026-10-05
